,ham,spam
ratios-to-total-emails,0.7611731843575419,0.2388268156424581
