,ham,spam
ratios-to-total-emails,0.7101140978534133,0.2898859021465867
