,ham,spam
ratios-to-total-emails,0.7127329192546584,0.28726708074534163
