,ham,spam
ratios-to-total-emails,0.4738040456332087,0.5261959543667913
